Caller,Receiver,Date,Time,Duration,TowerID,IMEI
9264209916,7969398922,05-06-2020,02:49:28,52,404-45541-40181,077672832007007
9264209916,7969398922,15-06-2020,22:14:30,17,404-4523361-49513,314677096776319
9264209916,7700837864,18-06-2020,01:38:40,31,404-732721-29792,550372128231961
9264209916,8334304855,04-06-2020,10:30:51,32,404-4523361-49513,086824160221440
9264209916,8826515259,13-06-2020,09:36:54,36,404-102005-2364641,957957622626941
9700761525,7932328295,12-06-2020,14:59:46,52,404-7825121-16152,148313667758473
7838841447,8816480312,06-06-2020,19:35:10,24,404-4523361-18202,202150641380108
7838841447,7967037482,03-06-2020,21:44:22,14,404-4521792-273,421150719771530
7890349900,9924575893,04-06-2020,09:41:10,83,404-3810-12032,303726656807879
7890349900,8819120077,01-06-2020,20:19:20,78,404-102005-2364641,182380722392935
7890349900,8832852797,16-06-2020,05:57:51,58,404-458211-14222,674830477271705
7890349900,9635714760,18-06-2020,19:26:16,19,404-458211-21193,664411517984820
7890349900,9768251954,20-06-2020,19:33:03,79,404-4521792-14032,819721859771322
7890349900,9747334394,06-06-2020,10:36:05,11,404-4523361-49513,084189482301126
9711014368,9831133382,12-06-2020,08:34:22,67,404-4521792-14032,338018343576954
9711014368,8399844649,11-06-2020,07:45:41,49,404-733102-21102887,719083381658228
9711014368,8247042950,18-06-2020,05:36:53,79,404-732721-29792,091092389310006
9711014368,7566846063,16-06-2020,17:25:12,10,404-7825121-16152,317482542770056
9711014368,9294655669,13-06-2020,01:40:55,62,404-732721-29792,651934319630679
9711014368,9784737807,19-06-2020,07:41:34,97,404-102005-2364641,972023085071840
7789478297,7744672504,07-06-2020,04:16:46,23,40478-25121-16152,574506421072549
7789478297,7811153102,10-06-2020,15:49:28,43,404-4523361-50883,065473307823154
7789478297,7526490579,14-06-2020,10:25:07,71,404-732721-29792,788907787991336
7789478297,9063274343,19-06-2020,04:59:16,30,404-4523361-10732,300428649707032
7789478297,8117920368,10-06-2020,10:02:47,40,404-4523361-10732,056261698238875
7789478297,8646311641,18-06-2020,08:22:50,28,404-4523361-49511,832456244829305
7789478297,7911837271,15-06-2020,11:13:07,76,404-4523361-45973,480454746913780
7789478297,7112525470,06-06-2020,13:39:59,73,404-4523361-45973,337378992099933
7789478297,7423688358,04-06-2020,20:35:46,87,404-4523361-49511,579474077111052
7789478297,7773115720,10-06-2020,15:12:27,42,404-458211-21193,953179813026948
8096151175,9054588187,13-06-2020,00:16:43,61,404-4523361-10732,940965648537410
8096151175,8241405967,11-06-2020,12:07:16,25,404-102005-233197825,580960815640043
8096151175,7676623367,01-06-2020,14:37:57,55,404-732721-29792,956902455749610
8096151175,8646993153,07-06-2020,14:47:38,16,404-458211-21193,878335635473307
8096151175,9294655669,01-06-2020,07:41:45,26,404-4523361-50883,515097735285611
7619050222,9747334394,02-06-2020,22:15:40,8,404-4523361-18202,844434496128242
7619050222,8927819806,08-06-2020,02:59:43,45,404-40501-24401,756444174171360
7619050222,7822515536,12-06-2020,18:06:31,4,404-3811016-72558384,819390035274590
7619050222,7603235056,16-06-2020,21:00:02,79,404-7825121-16152,507468644511875
7619050222,7811153102,19-06-2020,06:04:42,74,404-732721-29792,035353344134538
9481080072,7270575413,18-06-2020,06:26:10,8,404-733102-21102887,899329880290787
9481080072,7584065645,18-06-2020,07:13:45,71,404-4523361-10732,023979035340492
9481080072,9924575893,20-06-2020,15:11:10,58,404-4523361-49513,586690759697114
9481080072,9250068183,10-06-2020,19:59:01,88,404-7825121-16152,708255838507338
9914308983,8758650159,15-06-2020,15:20:06,39,404-4523361-45973,245726817015635
9914308983,7726344391,12-06-2020,12:16:31,60,404-733102-21102887,503030275692049
9914308983,7458609741,08-06-2020,00:03:13,13,404-732721-29792,185602798632320
9914308983,7090370597,13-06-2020,05:58:03,13,404-733102-21102887,555510307674950
7893729469,8136134929,10-06-2020,09:37:49,92,404-3810-12032,939763554015904
7893729469,9211687526,17-06-2020,09:18:14,94,404-4523361-45973,739069675263206
7893729469,7139579054,11-06-2020,13:50:41,44,404-4523361-50883,286128743148060
7893729469,9250068183,11-06-2020,18:53:54,88,404-4523361-45973,173657840009379
7893729469,7584065645,02-06-2020,20:07:10,92,404-7825121-16152,014118043779758
7893729469,8545214547,07-06-2020,02:52:00,34,404-4523361-14842,315446167918767
7893729469,7112525470,09-06-2020,18:27:09,83,404-102005-233197825,190200915643391
7893729469,8246732571,07-06-2020,00:04:49,7,404-7825121-16152,819972529328953
7739384455,8181740452,09-06-2020,10:50:50,70,40478-25121-16152,228499311229280
7739384455,7822515536,01-06-2020,20:47:00,34,404-40501-24401,759737639586979
7739384455,8181740452,06-06-2020,09:35:29,14,404-458211-14222,908524338006513
7739384455,8262763092,03-06-2020,01:28:58,80,404-458211-21193,623558160091408
7739384455,9211687526,20-06-2020,17:08:45,98,404-7825121-16152,165378909109216
7739384455,9484854884,03-06-2020,08:45:06,50,404-3810-12032,532373317558257
7739384455,8646993153,09-06-2020,18:52:26,56,404-4523361-49511,518142828922317
7739384455,7167900069,17-06-2020,14:14:10,44,404-4521792-14032,360977177534001
7739384455,9831133382,04-06-2020,02:19:41,84,404-732721-29792,134964988675821
7739384455,7965436599,09-06-2020,03:28:08,59,404-4523361-14843,812513636646120
7899225335,8255228932,06-06-2020,13:05:16,35,404-7825121-16152,536662891868683
7566846063,9771862213,15-06-2020,06:26:34,16,404-40501-24401,129714297917057
7566846063,7458609741,04-06-2020,04:54:56,94,404-4523361-5062,944635255434647
7566846063,7851621431,07-06-2020,12:47:52,60,404-4523361-49513,032055652076724
7566846063,9369878070,12-06-2020,10:41:50,43,404-7825121-16152,897043687862061
7566846063,8963184896,14-06-2020,16:11:05,31,404-4523361-18202,910354627634204
7566846063,7738576127,19-06-2020,21:30:27,57,404-4534204-27529358,685637605716459
7566846063,9069636356,03-06-2020,01:05:57,99,404-733102-21102887,900955690595271
7566846063,8181740452,19-06-2020,13:05:45,51,404-4523361-50883,391389449526546
7167900069,9605142561,17-06-2020,16:45:00,57,404-3811016-72558384,857631712141209
7167900069,7969398922,11-06-2020,22:39:28,86,404-4521792-14032,967039210424705
7167900069,8826515259,06-06-2020,03:56:43,54,404-3811016-72558384,360192318052776
8558119964,8247042950,06-06-2020,04:40:22,34,404-732721-29792,339507674083871
8558119964,7851247296,11-06-2020,01:05:46,4,404-4523361-45973,222216977207366
8558119964,7773115720,20-06-2020,09:05:45,7,404-102005-233197825,981413419833111
8558119964,9369878070,19-06-2020,20:15:28,25,404-4521792-14032,363310440380136
8558119964,8584749774,17-06-2020,10:24:19,93,404-458211-21193,186364422393871
8558119964,7271035945,19-06-2020,09:29:57,57,404-4523361-50883,004105854285883
8099019275,9784737807,11-06-2020,04:26:51,55,404-733102-21102887,023474278911999
8099019275,8246732571,13-06-2020,00:51:32,75,404-4523361-49511,528798972660197
8068807707,9747334394,01-06-2020,05:21:15,79,404-458211-14224,708079450795898
8068807707,9072560428,02-06-2020,04:27:50,76,404-3811016-72558384,063426592295771
8068807707,7811153102,19-06-2020,06:43:54,41,404-4523361-50883,723065693371050
8068807707,9889138233,03-06-2020,14:02:27,24,404-458211-14222,119450113784828
8925396658,9013819093,13-06-2020,02:34:13,8,404-4523361-50883,588309371707827
8925396658,8963184896,05-06-2020,23:17:07,84,404-4523361-10732,081641735925528
8925396658,7897178818,06-06-2020,20:05:34,30,404-3811016-72558384,646077599906245
8925396658,8246732571,10-06-2020,20:02:59,85,404-102005-2364641,923995052058478
8925396658,8334304855,08-06-2020,10:39:04,49,404-3810-12032,785055893157905
8925396658,9720350240,01-06-2020,11:32:05,88,404-7825121-16152,539663224229392
8925396658,8559607279,03-06-2020,06:00:36,72,404-4523361-14843,268297062965091
8925396658,9250068183,08-06-2020,04:26:47,35,404-3811016-72558384,632906310740298
9585127813,9889138233,20-06-2020,05:24:23,94,404-4523361-45973,811326136360809
9585127813,9029461788,20-06-2020,03:39:03,85,404-732721-29792,688868276646672
9585127813,7305816470,10-06-2020,04:07:22,44,404-4521792-14032,260558265022497
9585127813,7822515536,15-06-2020,18:07:20,15,404-4523361-49513,973151906033500
9211687526,7139579054,14-06-2020,02:24:30,74,404-4523361-45973,443443069143492
9211687526,9291069818,14-06-2020,06:09:03,9,404-732721-29792,872958444335668
9211687526,8505943228,03-06-2020,04:32:11,24,404-4523361-50883,525849173918007
9211687526,7700837864,19-06-2020,22:29:44,16,404-733102-21102887,455317316880804
9211687526,7458609741,18-06-2020,06:02:15,76,404-732721-29792,621670691773923
9211687526,8758650159,10-06-2020,09:43:21,84,404-4523361-5062,103555487325886
9211687526,8880582319,15-06-2020,06:11:58,33,404-4523361-18202,130114949214684
7112525470,9447664324,15-06-2020,09:16:20,7,404-3811016-72558384,754857661949338
8733727061,7789478297,07-06-2020,10:01:34,87,404-4521792-14032,703408527714850
8733727061,9680202818,02-06-2020,06:25:00,75,404-102005-233197825,905331455597330
8733727061,7967037482,05-06-2020,10:09:30,23,404-4523361-10732,130467344876290
8963184896,7127099613,18-06-2020,09:00:55,19,404-732721-29792,783502034086732
8963184896,9484854884,06-06-2020,23:11:49,76,404-458211-21193,717910781198398
8963184896,9291069818,13-06-2020,16:25:42,95,404-4523361-49513,613294485073311
8963184896,9889138233,11-06-2020,01:59:53,85,404-4523361-49511,227114995026093
8963184896,8136134929,06-06-2020,01:56:09,34,404-732721-29792,011935608312973
8692192178,9013819093,01-06-2020,08:59:28,61,404-458211-14222,073448666304944
8692192178,8256333338,19-06-2020,22:00:13,57,404-3811016-72558384,213951592452934
8692192178,9746734953,13-06-2020,23:12:18,94,404-4523361-14843,341503603074328
8692192178,9481080072,12-06-2020,15:46:17,27,404-458211-14222,282531261495600
8692192178,9175642171,16-06-2020,02:32:58,17,404-4521792-14032,056482143398196
8692192178,9481080072,15-06-2020,20:41:11,54,404-45541-40181,747495382215611
8136134929,9491541629,09-06-2020,13:37:55,71,404-4523361-18202,233506829578441
8136134929,7127099613,19-06-2020,03:27:47,94,404-40501-24401,021762455151241
8136134929,8117920368,15-06-2020,15:00:28,59,404-3811016-72558384,605292993492370
8136134929,8334304855,20-06-2020,04:48:27,18,404-733102-21102887,035788079434403
8136134929,8354557147,14-06-2020,07:41:30,3,404-4523361-45973,526241988239750
8136134929,8733727061,08-06-2020,20:59:48,55,404-4523361-14842,182578739785143
8136134929,8466146150,20-06-2020,11:26:39,23,404-733102-21102887,003775075783616
8136134929,8859872206,01-06-2020,18:35:46,92,404-4521792-14032,265429155788101
8136134929,9720350240,02-06-2020,02:28:30,65,404-7825121-16152,318590406266955
7811153102,9069636356,20-06-2020,02:48:17,77,404-4523361-49511,198976009215941
8092182065,7189479362,08-06-2020,16:58:30,71,404-458211-14224,460036818698155
8092182065,7726344391,02-06-2020,17:37:17,38,404-458211-14224,660074852904364
8092182065,9784737807,09-06-2020,16:13:56,55,404-4534204-27529358,186685179199001
8092182065,7151107160,01-06-2020,10:57:55,48,404-102005-233197825,805397118093899
8092182065,7167900069,14-06-2020,15:02:15,66,404-4523361-18202,472500864835684
8092182065,9784737807,19-06-2020,01:53:45,7,404-7825121-16152,498507509654691
7211958985,9784737807,14-06-2020,09:04:05,31,404-458211-14222,555782553244284
7211958985,7811272674,02-06-2020,18:34:04,22,404-732721-29792,252532045705505
7211958985,8646993153,18-06-2020,02:24:55,53,404-4523361-5062,923341339799420
7211958985,9063274343,15-06-2020,10:02:01,93,404-4523361-18202,796889388064485
7211958985,9680202818,19-06-2020,00:13:14,69,404-458211-14224,344935793866038
8819120077,8402997625,16-06-2020,02:33:29,80,404-4523361-10732,581968815559294
8819120077,7211958985,20-06-2020,16:21:48,9,404-4521792-14032,720999379139230
8819120077,9855426248,06-06-2020,15:05:13,92,404-458211-21193,721292428333778
8819120077,9855426248,05-06-2020,11:59:03,78,404-4523361-49511,199971705724431
8819120077,8120418541,20-06-2020,01:12:27,88,404-732721-29792,588597477080128
8819120077,7619050222,01-06-2020,12:14:31,82,404-4523361-45973,771936463648333
8819120077,7897178818,14-06-2020,08:34:18,83,404-4523361-14842,250489223012292
8819120077,8695275927,03-06-2020,02:26:44,31,404-7825121-16152,220852756750186
7526490579,9211687526,03-06-2020,00:47:33,49,404-458211-21193,816218450927446
7526490579,7270575413,03-06-2020,09:07:35,11,404-733102-21102887,876471366159400
7526490579,7584065645,06-06-2020,08:41:56,64,404-4523361-45973,938948764128094
7526490579,8505943228,15-06-2020,20:59:56,13,404-45541-40181,919945942298049
7526490579,8301940413,11-06-2020,07:04:48,58,404-4521792-14032,126449334424557
7526490579,9175549764,12-06-2020,11:57:57,91,404-3811016-72558384,452430584549985
7526490579,9973100116,01-06-2020,01:49:07,13,404-4523361-18202,014212353704314
9746734953,9914308983,03-06-2020,16:23:38,96,404-3810-12032,195877568664762
9746734953,9494354273,19-06-2020,05:30:46,79,404-102005-233197825,589173488602079
9746734953,9585127813,14-06-2020,23:02:15,24,404-733102-21102887,026646907121755
9746734953,9054588187,12-06-2020,15:25:41,77,404-4523361-50883,642710247956098
9746734953,8107139481,09-06-2020,19:01:00,35,404-4523361-45973,961726360792378
9746734953,7437697988,08-06-2020,16:46:46,51,404-3811016-72558384,211331352031144
9746734953,8780877475,13-06-2020,21:01:40,69,404-4523361-50883,175740168980992
9746734953,7789478297,19-06-2020,12:58:09,82,404-4523361-45973,097946872075021
7676623367,9369878070,17-06-2020,16:47:41,60,404-4523361-49511,651055610987844
7676623367,7189479362,19-06-2020,08:06:09,75,404-3810-12032,638309723659772
7676623367,9831133382,06-06-2020,20:02:12,52,404-4521792-14032,181547558823303
7676623367,7211958985,19-06-2020,16:44:14,7,404-4523361-18202,255477526974226
9673169915,8258114092,16-06-2020,21:35:33,95,404-458211-14224,826579100532636
9673169915,7245291830,03-06-2020,05:07:18,34,404-4523361-49511,677164098565015
9673169915,7773115720,11-06-2020,13:58:03,63,404-732721-29792,623846414089465
9673169915,7437697988,20-06-2020,07:46:55,59,404-4523361-5062,616404541263187
9673169915,8740590705,02-06-2020,20:23:51,36,404-3811016-72558384,235932789788814
9673169915,8505943228,14-06-2020,03:27:42,35,404-4523361-45973,503829231946306
8132282916,9862792577,14-06-2020,22:15:09,96,404-4523361-14843,663345387673020
9054588187,8695275927,01-06-2020,01:59:09,68,404-4534204-27529358,322484681222824
7670412693,9291069818,05-06-2020,19:02:34,2,404-4523361-5062,676137400769747
9013819093,8692192178,08-06-2020,04:31:48,31,404-4523361-50883,038300543661563
9013819093,9426606131,14-06-2020,20:58:40,57,404-732721-29792,064200685599352
9013819093,8354557147,02-06-2020,01:07:25,7,404-4523361-49513,298794607664508
9013819093,7969398922,13-06-2020,13:13:02,2,404-3811016-72558384,550591450754826
7932328295,8120418541,15-06-2020,01:46:22,79,404-45541-40181,399690176116399
7932328295,7789478297,04-06-2020,12:18:52,22,404-4523361-50883,618064033942922
7932328295,8334304855,13-06-2020,22:07:36,17,404-4523361-45973,882955771394150
7932328295,7744672504,17-06-2020,20:52:36,77,404-4523361-45973,457484857881833
7932328295,7619050222,18-06-2020,13:28:46,52,404-4534204-27529358,285796143596123
7932328295,7738576127,11-06-2020,07:34:04,96,404-4523361-14843,355458932274930
7932328295,7738576127,12-06-2020,06:12:46,83,404-4534204-27529358,929589989315664
8155753758,9426606131,18-06-2020,09:52:41,99,404-458211-14222,655756123207757
8155753758,8880582319,01-06-2020,10:16:13,35,404-4523361-49513,881409395417020
8155753758,7139579054,12-06-2020,11:58:48,26,404-732721-29792,060912003768193
8155753758,9616097919,06-06-2020,22:20:03,40,404-4523361-14843,655578414560641
8155753758,9973100116,03-06-2020,21:26:26,11,404-4534204-27529358,852480868826499
8155753758,9726927276,16-06-2020,12:14:49,63,404-40501-24401,200512177885044
8155753758,8068807707,12-06-2020,03:21:30,59,404-4534204-27529358,564801380085604
8155753758,7689014244,08-06-2020,11:50:25,44,404-4523361-5062,854549118452479
9175549764,7670412693,02-06-2020,11:35:24,90,404-4523361-18202,593030732495506
8262763092,7584065645,04-06-2020,10:51:50,55,404-4523361-14842,552052001166726
8262763092,9862792577,19-06-2020,04:07:43,49,404-4521792-14032,026740987777090
8262763092,8963184896,03-06-2020,02:53:02,73,404-4523361-14843,415554575401160
8262763092,7860843650,08-06-2020,20:03:06,42,404-732721-29792,569642616933140
8559607279,8733727061,17-06-2020,02:05:39,76,404-7825121-16152,576276940458812
8559607279,7899225335,15-06-2020,20:57:42,52,404-458211-14222,993133547509965
8559607279,7615164034,05-06-2020,10:15:11,15,404-102005-2364641,326012982543945
8559607279,9673169915,18-06-2020,07:11:14,77,404-4523361-49511,909250951750099
8559607279,8119423364,12-06-2020,21:22:56,70,404-45541-40181,112210603649231
8559607279,8971709352,08-06-2020,21:50:26,72,404-4534204-27529358,380207666369099
8559607279,7360409776,10-06-2020,17:50:58,69,404-4523361-45973,905529987469649
8762821158,9973100116,08-06-2020,15:48:56,94,404-458211-21193,225067081685777
8762821158,9746734953,02-06-2020,01:07:18,29,404-4523361-45973,406128660316825
8762821158,9291069818,10-06-2020,13:27:47,67,404-733102-21102887,520107355768506
8762821158,8606577809,06-06-2020,04:54:38,84,404-458211-14224,463822651024072
8301940413,8262763092,13-06-2020,09:55:31,85,404-4523361-5062,177766079633512
8301940413,8819120077,04-06-2020,01:42:08,44,404-4523361-5062,531513386836663
8301940413,8758650159,20-06-2020,06:15:50,4,404-4523361-49511,923257972774524
8301940413,9029461788,04-06-2020,13:19:39,73,404-4523361-14842,456003435070809
8301940413,9294655669,20-06-2020,10:25:16,96,404-4534204-27529358,629551071668109
8301940413,9175549764,05-06-2020,13:03:48,51,404-458211-21193,486088467698826
8301940413,9398107138,06-06-2020,12:10:19,73,404-7825121-16152,336139801464321
9281209857,8247042950,14-06-2020,14:43:38,91,404-3810-12032,376547236548607
9281209857,8255228932,06-06-2020,13:20:25,11,404-4523361-49511,275382365188734
9281209857,9013819093,05-06-2020,07:53:19,89,404-4521792-14032,964609618697282
9281209857,8796538039,13-06-2020,22:17:35,8,404-458211-21193,329951293219774
9281209857,8247042950,05-06-2020,23:42:05,94,404-4521792-14032,382725155350755
9281209857,9559690119,13-06-2020,11:37:38,77,404-4523361-14842,675629584162956
9281209857,7965436599,09-06-2020,13:49:54,62,404-458211-14222,600077732437133
9281209857,7670412693,12-06-2020,14:54:21,100,404-4523361-14842,161732512471725
9281209857,7360409776,10-06-2020,14:38:31,60,404-4523361-49511,642158381808064
9281209857,9671904532,14-06-2020,19:14:08,14,404-4523361-5062,842698402677109
8117920368,7822515536,07-06-2020,06:47:35,65,404-458211-21193,324290084079969
8117920368,7811272674,01-06-2020,14:31:06,36,40478-25121-16152,544848724768285
8117920368,8068807707,03-06-2020,02:06:51,40,404-4523361-18202,919040282860243
8117920368,9175642171,04-06-2020,14:51:37,96,404-458211-21193,729751170271269
7999412720,7437697988,10-06-2020,03:15:24,16,404-458211-14224,166088337393006
7897178818,7334782704,12-06-2020,16:42:45,7,404-732721-29792,642687220544384
7897178818,9291069818,11-06-2020,02:13:15,29,404-40501-24401,821755084980862
7897178818,8558119964,10-06-2020,04:02:36,44,404-3810-12032,453298536949259
7897178818,9150814025,04-06-2020,07:32:30,68,404-4523361-45973,255553177806436
7897178818,8584749774,02-06-2020,20:15:05,90,404-102005-233197825,943302231802052
7897178818,9585127813,06-06-2020,21:49:03,73,404-458211-21193,955356817574922
7897178818,9924575893,06-06-2020,20:29:31,34,404-732721-29792,095741571323133
9150814025,8092429047,01-06-2020,06:06:07,79,404-102005-2364641,632630131652891
9150814025,7270575413,16-06-2020,11:27:15,69,404-102005-233197825,326914983845520
9949118418,9700761525,12-06-2020,00:23:41,61,404-458211-14222,052040309570319
9949118418,7245291830,19-06-2020,01:35:11,79,404-4521792-14032,560670575100893
9949118418,9303169826,11-06-2020,04:15:08,1,404-40501-24401,205565380829238
9949118418,8092182065,20-06-2020,05:13:00,90,404-45541-40181,915578448280537
9949118418,7271035945,11-06-2020,02:42:43,57,404-4534204-27529358,688791858142329
9949118418,7838841447,16-06-2020,22:05:25,90,404-4523361-14842,683219838084531
9949118418,7689014244,14-06-2020,22:57:06,30,404-4523361-45973,420617275092583
9949118418,9164842815,03-06-2020,05:17:32,53,404-458211-14222,939650494494787
9949118418,9889138233,01-06-2020,13:34:49,42,404-3811016-72558384,069867285482806
7029333357,9212000474,20-06-2020,19:45:35,30,404-4523361-49513,504290552178533
7029333357,8880582319,04-06-2020,18:50:57,95,404-4523361-14842,286359338895150
7029333357,8301940413,04-06-2020,08:49:45,65,404-3811016-72558384,023064915328946
7029333357,8796538039,18-06-2020,18:13:52,19,404-458211-14222,044159658018757
7029333357,7139579054,15-06-2020,13:12:49,51,404-4523361-14843,990661593080761
7029333357,7151107160,09-06-2020,23:48:37,92,404-40501-24401,852514441097585
9294655669,8606577809,11-06-2020,03:43:01,13,40478-25121-16152,344735402843270
9294655669,9212000474,17-06-2020,05:14:42,19,404-732721-29792,226800055502925
9294655669,8751241354,10-06-2020,18:13:34,20,40478-25121-16152,889956964758075
9294655669,8241405967,16-06-2020,05:40:47,49,404-732721-29792,841417697090251
9294655669,8301940413,07-06-2020,15:21:29,83,404-4523361-5062,740726083957543
9294655669,7098597673,17-06-2020,09:54:24,12,404-4523361-49513,854800781470204
9294655669,7738576127,04-06-2020,07:28:01,6,404-102005-233197825,393245080553665
8258114092,8758650159,09-06-2020,20:57:37,96,404-458211-14222,305008006536215
8258114092,8442140132,03-06-2020,04:43:00,13,404-4534204-27529358,782993048063559
8258114092,8099019275,05-06-2020,20:12:04,35,404-3811016-72558384,280148304102903
8258114092,8606577809,03-06-2020,16:49:08,38,404-4534204-27529358,790321515089886
8258114092,9635714760,07-06-2020,00:11:33,41,404-40501-24401,277298665658215
8258114092,8859872206,03-06-2020,11:08:57,97,404-102005-2364641,813152509348738
9212000474,9069636356,02-06-2020,15:24:58,45,404-7825121-16152,069783098723032
9212000474,7584065645,04-06-2020,19:18:28,50,40478-25121-16152,686553075292179
9212000474,7805783281,17-06-2020,12:07:40,33,404-45541-40181,646050230639182
9212000474,7189479362,10-06-2020,09:15:55,61,404-458211-14224,815840905339128
9212000474,8692192178,20-06-2020,08:01:11,61,404-4523361-14842,293139378740298
9212000474,9230774311,06-06-2020,20:46:48,100,404-4523361-50883,086520787401889
9212000474,8256333338,19-06-2020,10:54:43,42,404-732721-29792,010854780848444
8927819806,7230776560,02-06-2020,03:04:54,22,404-733102-21102887,210650600488310
8927819806,9616097919,12-06-2020,13:36:37,27,404-458211-14222,212871469893204
8927819806,7334782704,20-06-2020,11:51:22,100,404-4523361-14843,077015516202244
8927819806,8088254750,15-06-2020,13:19:49,56,404-4523361-14842,462390400075333
8927819806,9559690119,07-06-2020,04:53:21,22,404-4523361-5062,894776428699590
8927819806,8442140132,19-06-2020,15:21:10,5,404-102005-2364641,971311266593190
8927819806,8262763092,19-06-2020,23:24:43,54,404-4523361-5062,274906140928253
8927819806,9175642171,10-06-2020,16:18:02,67,404-40501-24401,407604459618106
8927819806,7360409776,14-06-2020,04:12:20,79,404-732721-29792,481920350726075
8241585221,8136134929,07-06-2020,00:08:49,29,404-4523361-10732,560552193910087
8241585221,7822515536,05-06-2020,22:11:19,7,404-4523361-49511,666502042476466
8241585221,9447664324,16-06-2020,00:20:25,43,404-4523361-14843,324204539916817
8832852797,7932328295,19-06-2020,15:54:34,91,404-4521792-273,217685080271639
9023817203,9559690119,10-06-2020,22:03:03,100,40478-25121-16152,437108619663008
9023817203,9250068183,02-06-2020,16:18:22,48,404-102005-2364641,721472204008239
9023817203,9212000474,08-06-2020,15:36:44,92,404-732721-29792,338862044959343
9023817203,9175549764,02-06-2020,02:34:07,38,404-45541-40181,354614039559841
9023817203,9746734953,02-06-2020,07:51:43,27,404-4523361-45973,403329467723807
9023817203,9420720303,13-06-2020,08:06:45,26,404-7825121-16152,828502448600981
9023817203,9700761525,08-06-2020,22:32:25,2,404-458211-14224,708667441753216
9023817203,9069636356,19-06-2020,23:16:59,89,404-40501-24401,676172966052993
9023817203,9175549764,01-06-2020,15:45:22,20,404-4523361-18202,666454487909641
9023817203,9821098585,17-06-2020,12:26:19,59,404-7825121-16152,756606998045061
7805783281,8354557147,19-06-2020,08:07:32,70,404-40501-24401,012311672086706
9230774311,8334304855,17-06-2020,12:22:49,62,404-458211-21193,393569927460323
9230774311,7731164267,04-06-2020,03:38:20,23,404-3811016-72558384,074895131414587
7901943557,9420720303,07-06-2020,06:25:06,51,404-102005-233197825,761494391199660
8107139481,8068807707,04-06-2020,02:55:01,68,404-4523361-10732,853759769821976
8107139481,7619050222,20-06-2020,16:03:03,80,404-4523361-5062,184859863895434
8107139481,8559607279,13-06-2020,04:10:22,100,404-3811016-72558384,170569119008664
8107139481,8023789085,05-06-2020,20:53:52,40,404-102005-2364641,882015679632432
7437697988,9369878070,01-06-2020,22:58:00,40,404-4521792-14032,644585063604869
8459062372,9491159211,07-06-2020,10:05:13,33,404-7825121-16152,006415199639446
8459062372,7360409776,14-06-2020,21:41:40,2,404-4523361-10732,789489205570095
8459062372,7230776560,07-06-2020,17:16:57,38,404-458211-14224,256538500208180
8459062372,7967037482,16-06-2020,20:42:37,15,404-458211-14224,518042080222744
9924575893,8203118282,08-06-2020,03:30:04,91,404-732721-29792,788961239467557
9924575893,7437697988,12-06-2020,01:49:24,47,404-45541-40181,125733267768758
9924575893,8246732571,11-06-2020,21:19:14,32,404-4523361-14842,828635571647752
9924575893,8181740452,03-06-2020,20:29:18,58,404-4523361-5062,104970478426403
9924575893,8692192178,09-06-2020,23:35:29,60,404-4523361-5062,074021934269834
9605142561,7932328295,20-06-2020,04:17:31,6,404-3810-12032,945282161584948
9605142561,8880582319,13-06-2020,14:03:37,14,404-102005-2364641,161720050207994
9605142561,8217435608,06-06-2020,11:05:47,13,404-45541-40181,152517379765283
9605142561,9023817203,02-06-2020,07:34:19,22,404-102005-233197825,822245142655705
9605142561,9746734953,03-06-2020,03:54:33,21,404-733102-21102887,509332319048209
9605142561,7670412693,17-06-2020,08:03:17,38,404-733102-21102887,238081976924409
9605142561,8099019275,09-06-2020,15:44:54,4,404-4523361-10732,666510576856712
9605142561,7305816470,09-06-2020,15:44:02,46,404-458211-14222,763495519177563
9605142561,9484854884,04-06-2020,22:28:13,28,404-458211-21193,915890068148397
7230776560,8120418541,15-06-2020,13:54:51,65,404-102005-2364641,396074463412294
7230776560,9164842815,13-06-2020,03:50:56,39,404-4521792-273,292168852395952
9720350240,8971709352,01-06-2020,22:29:40,31,404-4523361-14842,101509906446678
9720350240,9150814025,06-06-2020,11:33:48,95,404-4523361-18202,413155592467083
9720350240,9919182467,12-06-2020,15:23:49,34,404-45541-40181,355109142577302
9720350240,9054588187,08-06-2020,00:51:55,87,40478-25121-16152,802466727582869
9720350240,9823423395,08-06-2020,20:50:07,91,404-4523361-45973,374830404674156
9720350240,9447664324,01-06-2020,09:10:26,99,404-4523361-5062,244293360034764
9720350240,7851621431,04-06-2020,07:25:44,88,404-102005-2364641,657148323866161
9720350240,7270575413,09-06-2020,23:35:31,46,404-3810-12032,653660058001572
7305816470,7029333357,11-06-2020,10:11:51,55,404-7825121-16152,087050972235803
7305816470,8256333338,14-06-2020,02:30:12,1,404-4521792-14032,065840663117931
7305816470,9211687526,20-06-2020,17:30:55,81,404-102005-2364641,371864628304617
7305816470,9303169826,15-06-2020,19:53:10,77,404-4523361-14843,481068804012865
7305816470,9889138233,03-06-2020,03:00:14,52,404-732721-29792,945045940055731
7305816470,8255228932,10-06-2020,00:19:12,100,404-733102-21102887,026757876236731
7305816470,9069636356,08-06-2020,13:12:49,69,404-3811016-72558384,776853445634766
7305816470,7805783281,12-06-2020,16:57:45,60,404-4523361-14843,988432061254504
7305816470,7090764405,08-06-2020,11:47:21,88,404-102005-233197825,790946747365763
9303169826,8740590705,18-06-2020,08:37:34,58,404-4534204-27529358,791387387863185
9303169826,7090764405,05-06-2020,12:33:05,20,404-4521792-14032,404627186966222
9303169826,8762821158,05-06-2020,01:48:17,24,404-4523361-45973,895158569449716
9726927276,8119423364,08-06-2020,06:43:45,69,404-102005-2364641,718995536145544
9726927276,8780877475,17-06-2020,00:29:45,73,404-4523361-18202,073149951980085
9726927276,8558119964,11-06-2020,08:06:17,48,404-733102-21102887,259908342390209
9726927276,9937796954,02-06-2020,06:55:52,3,404-4523361-5062,116637946717893
9726927276,7778024425,15-06-2020,06:18:53,97,404-4521792-14032,661865766903773
9726927276,8399844649,18-06-2020,10:15:55,95,404-3811016-72558384,842000811473848
7603235056,9190561601,03-06-2020,20:39:39,73,404-3811016-72558384,091672046752240
7603235056,8740590705,18-06-2020,21:26:17,75,404-4523361-18202,139693662119397
7603235056,9029461788,09-06-2020,16:08:32,48,404-4523361-49513,600297180496133
9369878070,9420720303,11-06-2020,12:47:15,79,404-4534204-27529358,041903311482807
7270575413,7965436599,13-06-2020,18:13:24,32,404-3811016-72558384,532538292680452
7270575413,7789478297,18-06-2020,02:53:25,88,404-732721-29792,551497673368971
7270575413,7090370597,04-06-2020,00:08:10,89,404-4523361-49511,034133888213883
7270575413,9175549764,03-06-2020,10:50:03,83,404-45541-40181,597053780472986
7270575413,9481080072,08-06-2020,11:26:27,24,404-45541-40181,649456738425984
7270575413,9063274343,09-06-2020,14:58:25,72,40478-25121-16152,636173950983158
7270575413,7700837864,18-06-2020,07:58:49,92,404-4523361-10732,571037421533220
7270575413,8442140132,12-06-2020,15:03:26,44,404-4534204-27529358,901930654468910
9771862213,7860843650,19-06-2020,19:03:57,82,404-4523361-10732,985996026065575
9771862213,9823423395,13-06-2020,22:54:50,70,404-4523361-14843,542981046094040
9771862213,7458609741,01-06-2020,17:13:43,13,404-4523361-14842,946501328298336
9771862213,7619050222,14-06-2020,04:32:35,4,404-4523361-49513,019066088151614
9222396875,7890349900,12-06-2020,13:56:48,22,404-102005-2364641,964032460467785
9222396875,7230776560,06-06-2020,10:01:33,23,404-733102-21102887,463881054968129
9222396875,8740590705,17-06-2020,19:49:26,8,404-7825121-16152,622328917707904
7854783697,9494354273,02-06-2020,16:18:33,38,404-102005-2364641,756570713799220
7854783697,8944836739,07-06-2020,07:58:15,73,404-4523361-49513,679017393249835
7854783697,9821098585,08-06-2020,14:27:35,46,404-40501-24401,850113795983708
7854783697,8880582319,04-06-2020,23:13:33,74,404-732721-29792,644054955649208
7854783697,8217435608,10-06-2020,23:08:13,42,404-45541-40181,094492434861789
7854783697,8262763092,03-06-2020,06:44:48,87,404-4523361-45973,892968812093484
9635714760,8762821158,05-06-2020,04:19:59,82,404-7825121-16152,778663557367728
9635714760,8256333338,04-06-2020,01:10:12,70,404-4534204-27529358,119507304079395
9635714760,9671904532,08-06-2020,19:59:07,72,404-458211-14222,185208789763403
9635714760,7584065645,18-06-2020,03:19:32,93,404-102005-2364641,320430925927188
9635714760,8195216936,19-06-2020,16:56:22,92,404-732721-29792,322222038881704
9635714760,9069636356,12-06-2020,12:48:47,28,404-458211-14224,021729866171417
9635714760,7822515536,02-06-2020,20:24:13,70,404-458211-21193,718467318568787
9635714760,8258114092,11-06-2020,13:04:01,84,404-4523361-14843,953448562097115
9635714760,9914308983,13-06-2020,03:37:33,52,404-4523361-18202,843927005027499
8780877475,7112525470,02-06-2020,17:34:12,48,404-458211-21193,597219843786752
8780877475,7603235056,18-06-2020,16:50:29,32,404-7825121-16152,932272923028657
8780877475,7838841447,10-06-2020,15:37:23,33,40478-25121-16152,803412040645224
8780877475,8136134929,06-06-2020,23:43:48,25,404-4534204-27529358,393540239220012
9674642969,8646993153,13-06-2020,08:40:19,99,404-4523361-50883,877399062984017
9674642969,9711014368,05-06-2020,23:22:27,41,404-4521792-273,844751843111650
9674642969,9211687526,01-06-2020,04:03:28,29,404-102005-2364641,513939956445687
9674642969,7230776560,14-06-2020,18:00:16,10,404-4523361-45973,880498085771699
9674642969,7738576127,11-06-2020,02:28:41,65,404-3811016-72558384,680526466377579
9674642969,9746734953,01-06-2020,19:01:24,58,404-4523361-5062,417923380284265
8695275927,8963184896,20-06-2020,17:16:12,30,404-4523361-50883,735755220060390
8695275927,8354557147,07-06-2020,13:03:30,20,404-4523361-18202,192808549581903
8695275927,7700837864,15-06-2020,17:51:40,84,404-45541-40181,288165465595828
8695275927,8726310530,13-06-2020,03:19:37,68,404-458211-21193,881956931154289
8695275927,9294655669,04-06-2020,03:58:28,21,404-4523361-49511,312072253063195
7822515536,9711014368,09-06-2020,02:23:10,22,404-4523361-49513,635132672638570
7822515536,9264209916,13-06-2020,07:37:51,51,404-732721-29792,988531092956856
7822515536,7245291830,07-06-2020,08:06:18,29,404-4534204-27529358,288994941282471
7822515536,7211958985,08-06-2020,12:18:15,58,404-733102-21102887,467347815882653
7822515536,7619050222,17-06-2020,09:39:02,64,404-3810-12032,397746025057587
7822515536,7334782704,04-06-2020,07:10:03,8,404-4523361-50883,822498067108933
7822515536,9862792577,03-06-2020,03:03:59,63,404-4521792-273,099535431347314
7822515536,7271035945,07-06-2020,23:31:35,28,404-102005-2364641,634294230544446
7822515536,9491159211,09-06-2020,05:11:38,95,404-4523361-18202,601870938400002
7851247296,9720350240,03-06-2020,05:02:22,4,404-4523361-10732,118817773087326
7851247296,8459062372,06-06-2020,05:13:56,68,404-7825121-16152,601600240514956
7851247296,7897178818,11-06-2020,13:21:47,41,404-4521792-273,811960025733068
7851247296,9398107138,12-06-2020,22:58:09,90,404-40501-24401,199245201886062
7851247296,8023789085,06-06-2020,18:00:12,21,404-4523361-49513,680575730303359
9784737807,9294655669,06-06-2020,01:34:18,79,404-4521792-14032,637809541892405
9784737807,9481080072,04-06-2020,12:27:50,44,40478-25121-16152,390156863498933
9784737807,8740590705,16-06-2020,14:26:45,1,404-4523361-14843,988882547077265
9784737807,7885143168,14-06-2020,15:30:01,83,404-4523361-49513,810487624699143
9784737807,8466146150,15-06-2020,18:26:29,4,404-458211-21193,783377170247176
9784737807,7230776560,19-06-2020,16:13:07,40,404-4523361-49513,438360987520418
9784737807,8880582319,10-06-2020,15:19:06,30,404-7825121-16152,571834720499795
9784737807,9246608816,06-06-2020,20:29:07,95,404-4523361-45973,148889770721752
8119423364,9069636356,03-06-2020,02:11:06,5,404-3811016-72558384,591361642760276
8119423364,7822515536,15-06-2020,14:38:15,53,404-7825121-16152,750750070160682
8119423364,9605142561,03-06-2020,12:28:00,36,404-4523361-10732,009582058262185
8119423364,8558119964,16-06-2020,09:23:34,12,404-458211-14224,775251035249712
8119423364,9726927276,17-06-2020,07:28:35,97,404-4523361-10732,017264655240593
7969398922,9190561601,17-06-2020,18:54:09,40,404-4521792-273,174364472851426
7969398922,8241405967,18-06-2020,18:55:15,55,404-4523361-5062,019316179943488
7969398922,9481080072,06-06-2020,14:03:20,71,404-4523361-45973,575709301398183
7969398922,8692192178,09-06-2020,08:33:20,43,404-45541-40181,968238436186692
7969398922,8096151175,11-06-2020,10:47:27,67,404-7825121-16152,035025182722286
7969398922,9246608816,14-06-2020,07:56:57,86,404-4523361-45973,161261083472241
7969398922,7703170661,20-06-2020,10:55:29,79,404-4523361-14843,162877514884976
7969398922,8092429047,02-06-2020,05:21:34,2,404-40501-24401,667052695034324
7969398922,8584749774,17-06-2020,02:49:16,95,404-732721-29792,655506567020532
9214877367,9175642171,16-06-2020,11:26:37,66,404-4523361-14843,772457910315326
9214877367,7305816470,18-06-2020,20:56:40,29,404-7825121-16152,939206610087593
9214877367,7901943557,06-06-2020,03:49:00,13,404-3811016-72558384,174241814677486
9214877367,8927819806,06-06-2020,03:29:01,7,404-4523361-5062,003383845452495
9214877367,7851621431,20-06-2020,03:01:34,58,404-45541-40181,668895404353804
9214877367,8880582319,16-06-2020,11:22:07,63,404-458211-21193,386254160356542
9214877367,9862792577,10-06-2020,19:17:57,35,404-4523361-14842,773824672334074
9214877367,9013819093,14-06-2020,13:33:46,36,404-4523361-45973,418808804549542
9214877367,8559607279,08-06-2020,04:29:54,42,404-4523361-14842,320829383809836
7151107160,7458609741,05-06-2020,19:18:58,55,404-3810-12032,792377665618115
7151107160,9729970836,03-06-2020,14:59:55,12,404-4523361-18202,545065981142199
9475848649,8733727061,01-06-2020,01:39:27,13,404-40501-24401,709376129265572
9475848649,9700761525,19-06-2020,01:05:01,72,404-4523361-5062,675209378260971
9475848649,9823423395,02-06-2020,03:16:38,34,404-4523361-18202,278174701514158
9475848649,9023817203,15-06-2020,04:32:34,87,404-3811016-72558384,942631222142017
7458609741,9823423395,10-06-2020,19:00:33,74,404-458211-14224,136042987348700
7458609741,7090764405,18-06-2020,11:58:35,74,404-732721-29792,792467141217119
7458609741,8442140132,16-06-2020,10:46:12,74,404-4523361-45973,439265171625034
7458609741,7999412720,17-06-2020,12:15:03,88,404-3811016-72558384,906366923510412
7458609741,7860843650,14-06-2020,18:18:14,65,404-4523361-14843,735983207945328
7458609741,7731164267,17-06-2020,13:32:24,86,404-7825121-16152,919996569235992
7458609741,9398107138,18-06-2020,20:58:30,83,404-458211-14222,094748004134895
7458609741,8107139481,05-06-2020,02:29:25,13,404-4523361-10732,444235633225203
9671904532,8726310530,08-06-2020,07:43:58,92,404-4521792-14032,756492749737879
9671904532,8262763092,05-06-2020,22:45:58,99,404-4523361-50883,002188485556590
9671904532,8780877475,17-06-2020,13:35:18,20,404-732721-29792,250926146642377
7423688358,9447664324,13-06-2020,00:56:57,94,404-4534204-27529358,713887906342784
7423688358,9674642969,13-06-2020,05:14:03,89,404-102005-2364641,056357667374478
7423688358,9914308983,13-06-2020,09:14:41,92,404-4523361-45973,966509789091307
8740590705,9291069818,16-06-2020,17:57:52,78,404-40501-24401,580972260271463
8740590705,8559607279,17-06-2020,20:51:26,58,40478-25121-16152,888684611344699
8740590705,9674642969,19-06-2020,10:45:23,21,404-45541-40181,137412213397187
8751241354,9190561601,03-06-2020,07:06:13,56,404-4523361-10732,337581312008824
8751241354,9222396875,14-06-2020,13:08:02,17,404-4523361-49513,425590880261340
8751241354,9889138233,10-06-2020,12:05:10,97,404-45541-40181,977974433324658
8751241354,9729970836,01-06-2020,03:28:38,34,404-4523361-5062,700495893647397
8751241354,8092182065,16-06-2020,17:50:18,70,404-3811016-72558384,274981205661659
8751241354,8692192178,04-06-2020,22:29:23,93,40478-25121-16152,841931948476199
8751241354,8733727061,15-06-2020,00:14:55,22,404-4521792-273,354663248787772
8751241354,8925396658,05-06-2020,15:58:45,79,404-4523361-5062,980170683399781
8751241354,8262763092,07-06-2020,04:39:08,55,404-4521792-273,467412487982581
8751241354,7689014244,03-06-2020,00:44:50,3,404-4534204-27529358,134383561027491
7098597673,7738576127,03-06-2020,19:15:05,56,404-732721-29792,148053505413772
7098597673,9510284712,15-06-2020,07:48:02,16,404-4521792-273,789085819941974
7098597673,7965436599,04-06-2020,16:18:51,56,404-4523361-18202,939802824896518
7098597673,9494354273,18-06-2020,20:39:29,17,404-4521792-14032,775677128376557
8088254750,7245291830,02-06-2020,23:25:50,35,404-732721-29792,211479593400919
8088254750,8819120077,14-06-2020,12:00:43,23,404-458211-21193,049312747325686
8088254750,7890349900,20-06-2020,08:13:16,97,404-458211-14224,355819220986079
8088254750,7305816470,10-06-2020,18:55:59,32,404-733102-21102887,487892910169221
9823423395,7670412693,15-06-2020,10:26:07,68,404-732721-29792,417346646246268
9823423395,9605142561,08-06-2020,00:45:58,40,404-4523361-14843,912188145627854
9823423395,9559690119,07-06-2020,02:07:07,54,404-3810-12032,466501988533178
9823423395,8758650159,17-06-2020,13:44:27,49,404-3810-12032,545698907671051
9823423395,7189479362,15-06-2020,19:16:04,16,404-3811016-72558384,641954976735837
9823423395,9150814025,19-06-2020,13:38:02,100,404-732721-29792,770593794461202
9823423395,9291069818,15-06-2020,16:55:07,78,40478-25121-16152,797917575064104
9823423395,8927819806,17-06-2020,23:58:53,14,404-4523361-49513,021164378208272
9823423395,9190561601,04-06-2020,08:36:44,17,404-3811016-72558384,001695924226665
8758650159,8092429047,03-06-2020,22:24:52,30,404-4523361-14842,505823655267195
8758650159,7932328295,15-06-2020,14:31:40,40,404-732721-29792,423628011627937
8758650159,9164842815,02-06-2020,04:08:16,48,404-4523361-49511,322210426330202
8758650159,7778024425,03-06-2020,20:08:21,92,404-3811016-72558384,627661447216056
8758650159,9491159211,03-06-2020,08:08:49,5,404-458211-14222,160298254993589
8758650159,8301940413,18-06-2020,00:19:23,22,404-4534204-27529358,039720050630944
8758650159,7098597673,15-06-2020,19:24:49,94,404-4523361-50883,233515576992416
8758650159,9190561601,14-06-2020,17:53:43,17,404-4523361-14843,763730291871378
9729970836,8558119964,10-06-2020,22:06:05,7,404-45541-40181,821141557039795
9729970836,7676623367,06-06-2020,22:17:08,48,404-732721-29792,714411534577519
9729970836,9063274343,16-06-2020,02:35:11,60,404-4523361-14842,338748614754718
9729970836,7897178818,18-06-2020,03:16:56,44,404-732721-29792,830565634525219
9729970836,7893729469,16-06-2020,12:31:39,66,404-4523361-14842,922196915528073
9729970836,8301940413,18-06-2020,05:15:10,24,404-40501-24401,966259823540713
9729970836,9211687526,16-06-2020,14:35:13,26,404-733102-21102887,499629337409045
9729970836,8584749774,02-06-2020,11:43:40,72,404-732721-29792,276587026139153
9729970836,7230776560,13-06-2020,18:18:58,73,404-4523361-45973,297337471984154
9291069818,8119423364,05-06-2020,20:31:42,34,404-102005-233197825,333975011632827
9291069818,9069636356,04-06-2020,12:23:43,11,404-458211-14222,328550449261206
9291069818,7860843650,04-06-2020,08:42:06,39,404-458211-14222,052764096914368
9291069818,8289678026,04-06-2020,00:13:13,70,404-732721-29792,764430783796986
9291069818,9063274343,08-06-2020,10:19:44,28,404-4523361-49511,478355224259813
9291069818,7566846063,17-06-2020,09:02:00,92,404-4523361-45973,299147790921670
9420720303,7851247296,06-06-2020,00:06:29,70,404-4523361-49511,989978784781931
9420720303,9616097919,04-06-2020,23:43:15,91,404-4523361-14842,066568695380902
9420720303,9700761525,06-06-2020,15:46:00,52,404-4523361-14842,188086582944396
9420720303,8258114092,14-06-2020,03:12:32,5,404-102005-233197825,772064981716136
9420720303,9281209857,19-06-2020,02:09:07,83,404-4523361-50883,066221707846835
9420720303,7726344391,19-06-2020,21:34:27,3,404-4521792-273,684855486836561
9420720303,9069636356,11-06-2020,13:51:03,57,404-4523361-49511,541803989949921
9420720303,8203118282,09-06-2020,13:03:43,62,40478-25121-16152,530926428644464
9680202818,7744672504,06-06-2020,10:26:04,20,404-458211-21193,293525853390228
9680202818,8262763092,04-06-2020,14:55:30,44,404-4523361-14843,800825146073159
9680202818,9175642171,15-06-2020,08:21:37,72,404-4523361-14842,009754259879995
9680202818,9737286952,08-06-2020,21:57:00,3,404-4523361-50883,800006224782080
9680202818,9937796954,17-06-2020,11:27:37,24,404-4523361-14842,940554428810526
9680202818,9398107138,09-06-2020,18:43:13,1,404-4523361-5062,922746901562118
9680202818,7811272674,01-06-2020,10:40:00,64,404-4523361-49511,617899829439833
9680202818,8558119964,13-06-2020,08:35:37,3,404-4523361-10732,989198328249727
9680202818,7029333357,16-06-2020,23:49:23,86,404-102005-2364641,127435827009590
9441634485,8646311641,08-06-2020,13:09:48,23,404-4523361-5062,853216372936485
9441634485,9711014368,20-06-2020,10:26:51,61,404-4523361-45973,165271608897449
9441634485,7676623367,10-06-2020,09:26:58,62,404-4523361-14843,483460438653142
9441634485,7676623367,03-06-2020,08:48:17,60,404-4534204-27529358,584543344404379
9441634485,9924575893,06-06-2020,06:51:10,69,404-4523361-49511,419918082415024
9441634485,8832852797,12-06-2020,16:08:56,70,404-4523361-14842,763864979377913
9441634485,8726310530,06-06-2020,02:01:03,89,404-458211-14224,963382689692884
9441634485,9447664324,12-06-2020,18:57:27,70,404-732721-29792,615284416414502
9441634485,7965436599,18-06-2020,04:02:14,30,404-7825121-16152,756924704872904
9441634485,8751241354,14-06-2020,15:16:03,87,404-40501-24401,825416524740831
9889138233,7932328295,13-06-2020,22:22:35,94,404-4523361-5062,866893873039939
9889138233,8203118282,09-06-2020,17:32:01,1,404-7825121-16152,539867501371957
9889138233,7854783697,18-06-2020,15:29:28,54,404-4521792-14032,897200704507545
9889138233,8442140132,09-06-2020,14:21:43,67,404-7825121-16152,415075599399431
9069636356,7789478297,13-06-2020,12:58:43,11,404-458211-14224,208760354431976
9069636356,8819120077,20-06-2020,14:49:39,5,404-7825121-16152,507679985123802
8826515259,8832852797,18-06-2020,05:46:53,97,404-3811016-72558384,660096128336157
8826515259,8832852797,04-06-2020,19:09:59,48,404-4523361-5062,003518253841878
8241405967,9420720303,16-06-2020,13:07:27,99,404-4521792-14032,923885862852438
8241405967,7805783281,13-06-2020,02:09:18,87,404-732721-29792,336099399418729
8241405967,9720350240,01-06-2020,16:14:32,60,404-7825121-16152,096559381388377
8241405967,9264209916,07-06-2020,14:00:17,14,404-732721-29792,875185951865121
8241405967,8023789085,17-06-2020,20:57:05,75,404-4523361-18202,839636922857119
8241405967,8925396658,04-06-2020,14:06:13,60,404-3811016-72558384,819757903294583
8241405967,7700837864,19-06-2020,11:17:13,91,404-4523361-49513,863040706599126
8241405967,7619050222,04-06-2020,11:25:59,32,404-4523361-45973,173105911462033
8241405967,8092182065,09-06-2020,21:47:11,3,404-102005-233197825,846439475213018
7731164267,9054588187,06-06-2020,00:53:37,66,404-4521792-14032,121646297228524
7731164267,9420720303,09-06-2020,11:47:23,35,404-733102-21102887,891503273987694
7731164267,7893729469,06-06-2020,13:48:32,95,404-4523361-49511,159920329629364
7731164267,8096151175,11-06-2020,22:36:37,94,404-102005-233197825,639532351444358
7731164267,7969398922,19-06-2020,23:15:33,92,40478-25121-16152,454715249408344
7731164267,8132282916,02-06-2020,02:49:55,81,404-45541-40181,831196770627286
7731164267,7211958985,02-06-2020,19:37:08,70,404-4521792-14032,748845285853464
7731164267,9771862213,11-06-2020,01:28:27,55,404-40501-24401,516935934667617
7967037482,9784737807,03-06-2020,08:16:33,7,404-4523361-49511,399420109024802
7967037482,9616097919,03-06-2020,11:33:54,61,404-4523361-50883,371605121279279
7967037482,9246608816,19-06-2020,02:58:48,3,404-4523361-50883,170157784958065
7967037482,9230774311,13-06-2020,07:09:03,7,404-3811016-72558384,297846975435445
7967037482,9214877367,10-06-2020,02:45:08,69,404-102005-233197825,909215748012648
8977055629,8584749774,13-06-2020,23:21:34,63,404-458211-14222,558489876959153
8977055629,7967037482,18-06-2020,23:49:01,90,404-3810-12032,750419009155171
8977055629,8255228932,04-06-2020,03:46:33,56,404-4523361-5062,658352927741722
8977055629,9919182467,10-06-2020,00:23:19,22,404-3811016-72558384,321151450406653
8977055629,7112525470,12-06-2020,13:47:40,54,404-458211-21193,967298361637922
8977055629,7566846063,12-06-2020,18:36:35,8,404-458211-14222,827143142123819
8977055629,8132282916,03-06-2020,15:59:43,66,404-733102-21102887,544905671364760
8977055629,9441634485,16-06-2020,17:46:38,13,404-4521792-14032,326019576085793
8977055629,7423688358,15-06-2020,06:07:12,11,404-458211-14222,323457071015009
8120418541,9164842815,18-06-2020,10:32:03,4,404-3810-12032,185746866271593
8120418541,8859872206,20-06-2020,04:57:14,14,404-733102-21102887,285388047775417
8120418541,7098597673,14-06-2020,02:36:31,51,404-4523361-18202,112079624791443
8120418541,7739384455,11-06-2020,14:07:48,60,404-4523361-49511,722983719276525
9937796954,7967037482,20-06-2020,21:19:24,76,404-458211-14224,709894260245119
9937796954,7566846063,06-06-2020,00:42:58,41,404-4521792-14032,804858311324599
9937796954,7305816470,15-06-2020,16:20:16,2,404-458211-14224,776375335474801
8354557147,7789478297,11-06-2020,16:57:06,37,404-102005-2364641,155622221450808
8354557147,8459062372,17-06-2020,08:23:20,86,404-4523361-49513,355941307884959
8354557147,9914308983,16-06-2020,15:03:33,8,404-3811016-72558384,105411859975041
8354557147,9726927276,02-06-2020,23:25:09,16,404-458211-14224,934971229900141
8354557147,9949118418,17-06-2020,20:03:13,53,404-4523361-49513,847584334371615
9491541629,8695275927,13-06-2020,01:00:32,79,404-4523361-14842,432483973109319
9491541629,9726927276,05-06-2020,18:20:35,38,404-4523361-10732,955090535291335
9491541629,8505943228,18-06-2020,10:25:00,83,404-102005-233197825,537648952129495
9491541629,7901943557,14-06-2020,12:58:46,39,404-458211-21193,355096425034568
9491541629,7897178818,06-06-2020,02:41:30,52,404-4521792-273,090620111389266
7189479362,8819120077,05-06-2020,11:40:32,90,404-45541-40181,887925866582437
7189479362,9264209916,01-06-2020,04:28:20,56,404-4521792-273,257697037518400
7189479362,7897178818,14-06-2020,22:01:47,80,404-45541-40181,971185678967902
7189479362,8859872206,20-06-2020,16:59:35,15,404-4521792-273,754825165248275
7189479362,8289678026,16-06-2020,23:56:22,9,404-102005-2364641,006980368802944
7189479362,9616097919,06-06-2020,03:17:12,91,404-3810-12032,044479444637099
7189479362,8354557147,02-06-2020,10:57:07,4,404-458211-21193,840240768202303
7189479362,7437697988,16-06-2020,23:53:13,77,404-458211-14224,583199802017354
7189479362,8970098690,20-06-2020,04:26:01,13,404-4523361-10732,786821900961113
8646311641,8399844649,14-06-2020,04:55:33,40,404-45541-40181,941583510122114
8646311641,7778024425,07-06-2020,17:00:27,27,404-732721-29792,945454649939981
8646311641,7437697988,15-06-2020,20:36:45,46,404-458211-14222,556288789802694
8646311641,8559607279,05-06-2020,15:47:09,34,404-733102-21102887,398841944701970
8646311641,8545214547,05-06-2020,09:56:11,58,404-4523361-18202,398362719477756
8646311641,8119423364,08-06-2020,16:07:18,3,40478-25121-16152,298735144832843
8646311641,8558119964,03-06-2020,19:43:36,3,404-458211-14224,959117297597223
8646311641,9369878070,01-06-2020,19:35:30,92,404-4523361-50883,608760238426488
7334782704,9862792577,10-06-2020,23:54:32,46,404-4523361-5062,842512263851241
7334782704,9164842815,06-06-2020,18:11:56,10,404-102005-233197825,193516383534675
7334782704,9054588187,13-06-2020,14:08:04,28,404-4523361-5062,532135807348779
7334782704,7860843650,10-06-2020,01:46:48,94,404-3811016-72558384,549019720789387
9491159211,8119423364,08-06-2020,17:20:46,97,404-4523361-14842,233871334417298
9491159211,9949118418,12-06-2020,03:35:10,24,404-45541-40181,533473726439089
9491159211,8459062372,04-06-2020,18:29:45,89,404-4523361-10732,517759918867616
9246608816,9175642171,06-06-2020,08:23:41,2,404-4521792-273,707682952101022
9246608816,8289678026,14-06-2020,17:47:15,37,404-4523361-5062,274705763120030
9246608816,8606577809,18-06-2020,23:45:09,85,404-40501-24401,410157903178668
8195216936,7744672504,15-06-2020,17:01:03,2,404-4523361-18202,564286992839661
8195216936,9700761525,02-06-2020,22:35:29,72,404-3810-12032,992784338115758
8195216936,7744672504,17-06-2020,23:03:42,77,404-458211-21193,040715975948197
8195216936,9190561601,01-06-2020,03:46:57,42,404-4534204-27529358,737925089922525
8195216936,8832852797,15-06-2020,22:11:16,51,404-3811016-72558384,503805405953893
8195216936,9190561601,16-06-2020,17:34:28,57,404-3810-12032,108909654107716
7689014244,8758650159,03-06-2020,09:11:42,53,404-3810-12032,873505209924562
7689014244,9246608816,06-06-2020,18:36:30,7,404-102005-233197825,866039415695076
7689014244,8442140132,04-06-2020,21:25:32,69,404-4521792-273,433113376610231
7689014244,8559607279,11-06-2020,05:26:24,5,404-732721-29792,731135783833364
7689014244,9831133382,16-06-2020,07:23:18,61,404-4523361-14843,990909059928223
8289678026,9937796954,07-06-2020,11:42:41,73,404-3811016-72558384,289018119295588
8289678026,9291069818,18-06-2020,17:10:13,31,404-40501-24401,343249340448550
8289678026,8092429047,09-06-2020,07:35:03,41,40478-25121-16152,729893661032940
8289678026,9420720303,02-06-2020,03:56:37,19,404-4523361-49511,283076419518914
8289678026,8646311641,13-06-2020,03:01:49,30,404-732721-29792,693991515159319
8289678026,7112525470,12-06-2020,12:48:26,85,404-4523361-50883,406561813658967
8203118282,7703170661,07-06-2020,13:49:39,95,404-45541-40181,175085940371262
8203118282,7230776560,12-06-2020,10:23:37,96,404-4523361-10732,304137217350549
8256333338,8758650159,18-06-2020,22:09:06,5,404-4523361-49513,263416226146389
8256333338,8023789085,12-06-2020,13:11:18,81,404-4523361-5062,348927781929121
8256333338,7851621431,01-06-2020,02:34:10,30,404-3810-12032,352886486424978
9862792577,8459062372,17-06-2020,10:38:26,8,404-733102-21102887,059646225136158
9862792577,9746734953,15-06-2020,14:04:06,79,404-458211-14222,128150461607450
9862792577,9069636356,20-06-2020,10:43:59,11,404-4523361-5062,367399687592913
9862792577,9771862213,14-06-2020,00:55:14,25,404-4521792-14032,062479827792310
8944836739,7670412693,13-06-2020,16:40:26,79,404-102005-233197825,200621983037673
8944836739,9711014368,03-06-2020,18:21:17,88,404-4523361-18202,586084490388938
7744672504,8096151175,17-06-2020,21:56:37,67,404-4523361-14842,415501004010977
7744672504,7731164267,11-06-2020,11:46:36,76,404-102005-233197825,191343687708914
7744672504,8241405967,10-06-2020,05:51:30,3,404-45541-40181,960370138675757
7744672504,8859872206,01-06-2020,04:30:05,50,404-4523361-45973,944075164636594
7744672504,8402997625,02-06-2020,04:02:32,53,404-4523361-49513,302312308069520
7744672504,8816480312,16-06-2020,02:48:09,53,404-3810-12032,960324602588109
8796538039,7270575413,12-06-2020,08:22:34,92,404-102005-2364641,101360889567109
8796538039,9494354273,09-06-2020,11:10:44,84,404-4521792-14032,046960761820964
8796538039,8780877475,03-06-2020,15:54:33,91,404-40501-24401,689855851308032
8796538039,9484854884,12-06-2020,21:17:26,97,404-4523361-18202,670135140632152
8796538039,8334304855,04-06-2020,11:21:10,92,404-7825121-16152,052973615971614
8796538039,9230774311,02-06-2020,19:37:50,68,404-102005-233197825,875455439910663
8796538039,7189479362,02-06-2020,18:19:14,95,404-4523361-18202,019438477969437
8796538039,9919182467,18-06-2020,21:44:45,91,404-102005-2364641,823462143917575
8796538039,8258114092,13-06-2020,23:38:36,69,404-4534204-27529358,838021190857665
7700837864,7437697988,10-06-2020,01:43:17,47,404-4523361-49513,375859750863049
7700837864,7805783281,10-06-2020,13:52:17,51,404-40501-24401,048536608235438
7700837864,7854783697,09-06-2020,23:41:59,84,404-458211-14222,192160115371455
7700837864,7029333357,18-06-2020,03:36:12,47,404-4523361-14843,171007493960816
8816480312,9175642171,08-06-2020,22:36:11,26,404-458211-14224,990253730862020
8816480312,7731164267,17-06-2020,04:56:03,39,404-4523361-18202,747201479879729
8816480312,7271035945,11-06-2020,01:04:52,51,404-3810-12032,021891693793307
7738576127,8132282916,11-06-2020,18:47:39,18,404-733102-21102887,822720509505744
7738576127,8301940413,06-06-2020,10:44:38,14,404-3810-12032,237624945562438
7738576127,8195216936,06-06-2020,04:13:27,4,404-4523361-49513,869421285348600
9164842815,8925396658,06-06-2020,15:11:14,33,404-4523361-5062,514978185620813
9164842815,7603235056,07-06-2020,17:38:02,56,404-102005-2364641,902490138757465
9164842815,9484854884,13-06-2020,14:13:24,66,404-4523361-10732,594199326817266
9164842815,7090764405,10-06-2020,06:57:58,23,404-4521792-14032,249629536600796
9164842815,9821098585,08-06-2020,07:30:33,97,404-3811016-72558384,166983221714087
9164842815,8334304855,09-06-2020,23:28:31,68,404-4523361-50883,464584957750642
9164842815,9914308983,18-06-2020,13:26:18,56,404-102005-233197825,417756137529427
9164842815,9246608816,13-06-2020,18:29:46,100,404-458211-21193,337256241153661
9164842815,7822515536,13-06-2020,08:57:02,29,40478-25121-16152,419970859004343
7360409776,9510284712,08-06-2020,03:03:44,69,404-102005-233197825,375527408604890
7965436599,8925396658,04-06-2020,23:59:27,94,404-4534204-27529358,941137799106098
7965436599,8258114092,06-06-2020,02:59:12,93,404-102005-2364641,997996829722906
8334304855,9937796954,11-06-2020,20:06:38,40,404-4523361-14843,040353770544606
8334304855,8181740452,14-06-2020,16:49:06,31,404-4523361-49513,787727882749558
8334304855,9303169826,12-06-2020,16:08:43,33,404-4523361-14843,734040315707306
8334304855,8692192178,06-06-2020,08:43:20,7,404-4523361-50883,123402939141517
8334304855,8559607279,08-06-2020,13:50:49,92,404-732721-29792,942202598972040
8334304855,8155753758,09-06-2020,20:11:04,99,404-4523361-18202,403969822797789
8334304855,7676623367,07-06-2020,20:21:11,59,404-458211-14222,405685884068084
8334304855,7911837271,07-06-2020,04:13:42,25,404-732721-29792,858207487159441
9398107138,7127099613,11-06-2020,14:38:51,15,404-40501-24401,647096708945512
9398107138,9720350240,20-06-2020,19:38:45,58,404-4523361-45973,258793729591779
9398107138,8925396658,03-06-2020,16:56:00,27,40478-25121-16152,521510273164871
9398107138,7703170661,10-06-2020,14:24:39,89,404-4523361-49511,091490596372503
9398107138,9700761525,04-06-2020,10:53:29,94,404-4523361-49511,992192062479847
9398107138,7773115720,06-06-2020,00:01:31,84,404-4523361-10732,657034664295099
9398107138,8258114092,02-06-2020,22:59:43,69,404-4523361-50883,168453507096961
7584065645,9175642171,12-06-2020,03:33:18,37,404-3811016-72558384,786970699437036
7584065645,7458609741,15-06-2020,15:23:16,62,404-732721-29792,999809758345951
7584065645,7731164267,18-06-2020,07:00:42,85,404-7825121-16152,545873403658126
7584065645,9671904532,19-06-2020,08:44:18,63,404-4523361-49513,487033296321652
7584065645,9510284712,02-06-2020,08:47:38,22,404-732721-29792,945616687357210
7584065645,7676623367,07-06-2020,16:33:22,59,404-4523361-10732,027143104520190
7584065645,9222396875,05-06-2020,13:57:54,80,404-40501-24401,061119833875278
7584065645,7854783697,14-06-2020,06:42:36,75,404-3810-12032,675682226674575
7584065645,9054588187,06-06-2020,15:45:11,91,404-4523361-14842,362592464337208
7773115720,9175642171,14-06-2020,23:03:07,16,404-4523361-49513,038450252903090
7773115720,7423688358,06-06-2020,04:03:46,67,404-40501-24401,404769277547876
7773115720,9475848649,08-06-2020,18:04:39,95,404-3810-12032,325274276824434
7773115720,7458609741,12-06-2020,13:27:11,34,40478-25121-16152,230172660936233
8545214547,7805783281,19-06-2020,00:05:35,27,404-4523361-14842,302261085742464
8545214547,9831133382,06-06-2020,13:33:13,11,404-4534204-27529358,219508536729883
8545214547,8399844649,03-06-2020,22:09:47,31,404-4523361-49513,782587340134871
8545214547,9510284712,19-06-2020,22:32:19,70,404-4534204-27529358,828338605923457
7139579054,9175549764,18-06-2020,18:54:54,43,404-4534204-27529358,335981162374362
7139579054,7967037482,10-06-2020,16:57:27,66,404-732721-29792,291324146285302
7139579054,8092429047,18-06-2020,05:02:19,32,404-102005-233197825,875346139051513
8247042950,8117920368,04-06-2020,18:36:56,35,404-732721-29792,145062297458935
8247042950,9175642171,16-06-2020,14:12:06,92,404-102005-233197825,516529026943303
8505943228,8751241354,13-06-2020,04:53:36,9,404-40501-24401,342858508536578
8505943228,7851247296,17-06-2020,14:41:51,34,404-40501-24401,439383524931854
8505943228,7838841447,09-06-2020,21:56:42,78,404-4523361-45973,345450811715174
8505943228,9281209857,07-06-2020,23:38:53,25,404-732721-29792,151721184543781
8505943228,8733727061,02-06-2020,06:22:30,66,404-3811016-72558384,072956950980853
8505943228,7167900069,17-06-2020,21:09:11,27,404-732721-29792,850165861185779
9484854884,9294655669,06-06-2020,10:48:44,63,404-102005-2364641,507623150662298
9484854884,9616097919,10-06-2020,18:58:54,48,404-4523361-50883,590879560779799
9484854884,9605142561,15-06-2020,09:52:01,42,404-732721-29792,554857228148790
9484854884,9294655669,03-06-2020,11:16:34,73,404-4523361-10732,371677863606917
9484854884,7112525470,03-06-2020,10:44:22,51,404-7825121-16152,255614623785800
9484854884,7271035945,15-06-2020,09:12:05,82,404-4521792-273,534258715065492
8217435608,7245291830,03-06-2020,14:01:30,54,404-7825121-16152,315032095623159
8217435608,8606577809,11-06-2020,02:47:39,94,404-4534204-27529358,047762850277183
8217435608,8780877475,15-06-2020,21:57:36,6,404-7825121-16152,365002795059764
8217435608,9559690119,01-06-2020,04:54:33,7,404-4523361-49511,037470684360824
8217435608,8246732571,19-06-2020,12:16:55,89,404-4523361-50883,340913180128314
8217435608,9700761525,06-06-2020,16:08:17,50,40478-25121-16152,434600780406463
8217435608,9072560428,13-06-2020,00:29:14,83,404-102005-233197825,502141503351500
8217435608,9029461788,20-06-2020,04:00:42,43,40478-25121-16152,109939534701069
8217435608,8262763092,16-06-2020,05:16:03,71,404-4523361-45973,058920455289521
8255228932,9291069818,10-06-2020,09:00:20,4,404-4523361-5062,645704423744148
8255228932,9510284712,16-06-2020,17:36:54,9,404-3811016-72558384,946653832521195
8255228932,7897178818,10-06-2020,17:53:50,2,404-4523361-5062,465236649117913
9616097919,8068807707,07-06-2020,01:03:28,9,40478-25121-16152,997538284784377
9616097919,7305816470,01-06-2020,09:47:37,62,404-4523361-10732,312030552720824
9616097919,9246608816,19-06-2020,08:34:49,34,404-4523361-18202,075808499099128
9616097919,7112525470,04-06-2020,00:25:21,75,404-732721-29792,162291004250167
9616097919,8246732571,17-06-2020,16:04:08,46,404-4523361-45973,734956428975010
9616097919,8466146150,13-06-2020,13:11:44,33,404-458211-14222,752630629866751
9616097919,7744672504,16-06-2020,04:17:24,43,404-40501-24401,312094542427540
7703170661,7969398922,12-06-2020,05:35:07,79,404-4521792-273,579979913488867
7703170661,9491541629,16-06-2020,22:30:55,50,404-4523361-5062,778905861745426
7703170661,8301940413,13-06-2020,23:13:56,51,404-732721-29792,211669998868309
7703170661,7811153102,15-06-2020,06:42:14,65,404-4523361-10732,455317716109377
7703170661,7271035945,08-06-2020,10:23:40,34,404-4523361-50883,756077475955056
7703170661,9475848649,20-06-2020,07:37:32,95,404-7825121-16152,511360161734073
7703170661,9023817203,17-06-2020,13:00:06,23,404-102005-2364641,606432825479811
8181740452,7893729469,18-06-2020,13:10:38,61,404-733102-21102887,056278459194674
8181740452,8247042950,07-06-2020,00:29:41,45,404-102005-2364641,206055910032077
8092429047,8241585221,20-06-2020,07:42:31,74,404-4523361-18202,508947528987196
8092429047,9281209857,08-06-2020,17:40:21,35,404-4523361-49511,558424625461015
8092429047,9264209916,12-06-2020,12:02:00,55,404-458211-21193,728915236258531
8092429047,8246732571,10-06-2020,12:01:24,74,404-458211-14222,618598404407616
8023789085,9150814025,14-06-2020,18:51:46,37,404-458211-14222,677308713030079
8023789085,8132282916,10-06-2020,12:54:17,56,404-4521792-273,362150133099515
8023789085,9369878070,15-06-2020,02:17:09,69,404-4523361-49511,306007202584283
9881783409,7899225335,10-06-2020,19:14:26,51,404-4523361-49511,958209825236801
8606577809,7189479362,17-06-2020,15:15:51,49,404-458211-21193,605602536271880
8606577809,7893729469,08-06-2020,06:46:15,47,404-4523361-5062,575673513386044
8606577809,9029461788,06-06-2020,19:26:01,62,404-4523361-49511,518763685517222
8606577809,7189479362,06-06-2020,22:16:26,54,404-4523361-10732,570454684741668
8606577809,7700837864,11-06-2020,17:32:25,47,404-4523361-50883,552359044188843
8606577809,7811272674,04-06-2020,20:08:20,49,404-458211-14224,230335861749978
8606577809,7822515536,19-06-2020,19:18:11,49,404-732721-29792,574138482652251
8606577809,7773115720,04-06-2020,01:11:45,24,404-3811016-72558384,566216191525380
8169754506,8241405967,13-06-2020,16:43:55,29,404-40501-24401,649871505469690
8169754506,8466146150,08-06-2020,22:12:25,24,404-4523361-49513,712951212754952
8169754506,9720350240,05-06-2020,22:53:57,97,40478-25121-16152,863941589832163
8169754506,9494354273,07-06-2020,06:57:21,13,40478-25121-16152,961071568539745
8169754506,7822515536,02-06-2020,00:13:01,32,404-40501-24401,740611637344099
8169754506,9746734953,09-06-2020,18:40:11,56,404-4523361-14842,880368181013278
8169754506,9746734953,11-06-2020,01:09:01,54,404-732721-29792,135326039864179
8970098690,7360409776,08-06-2020,03:23:25,81,404-733102-21102887,020235285457895
8970098690,7811153102,19-06-2020,06:47:24,40,404-4523361-49513,930572591273973
8970098690,8120418541,20-06-2020,15:40:14,42,404-733102-21102887,242084360805159
8970098690,9175549764,16-06-2020,04:28:47,9,404-732721-29792,951688182886590
9510284712,9881783409,06-06-2020,00:29:25,21,404-102005-233197825,451187419803664
9510284712,7458609741,15-06-2020,12:44:43,19,404-3810-12032,611937588782498
9510284712,7167900069,07-06-2020,17:31:10,23,404-4521792-273,890037110029873
9510284712,8925396658,19-06-2020,16:49:32,50,404-4521792-14032,322785646751115
9510284712,8301940413,15-06-2020,02:28:09,50,404-3810-12032,532667656923428
8880582319,9720350240,05-06-2020,17:17:02,59,404-4523361-50883,864456842921415
8880582319,9914308983,03-06-2020,11:09:41,89,404-458211-14224,064517234669024
8880582319,9881783409,11-06-2020,21:56:14,96,404-4523361-14842,422307332681638
8880582319,8963184896,09-06-2020,21:10:41,29,404-458211-21193,580449744307877
8880582319,9013819093,14-06-2020,01:59:54,95,404-4521792-273,769493194238277
8880582319,9747334394,05-06-2020,19:41:08,61,404-4523361-14842,197431406802333
8880582319,8859872206,16-06-2020,02:18:47,81,404-732721-29792,204732346223116
8880582319,9491541629,05-06-2020,04:11:53,59,404-3811016-72558384,380888406803724
9737286952,7526490579,03-06-2020,10:13:29,79,404-3811016-72558384,042107158141644
9737286952,9054588187,10-06-2020,03:02:09,86,404-40501-24401,543964255128624
9737286952,8241405967,11-06-2020,16:28:27,5,404-733102-21102887,973983595824910
9737286952,9190561601,02-06-2020,04:38:48,8,404-4523361-10732,213215522132197
7300539246,9671904532,18-06-2020,10:48:26,8,404-458211-14224,942277636959495
7300539246,9246608816,11-06-2020,15:22:32,29,404-102005-2364641,293217100324413
7300539246,7271035945,14-06-2020,05:46:39,81,404-3810-12032,374742683838513
7300539246,8733727061,18-06-2020,04:33:14,56,404-4523361-49513,645313321559413
7300539246,7127099613,19-06-2020,14:50:17,71,404-40501-24401,706374919384885
7300539246,7305816470,01-06-2020,23:30:37,72,404-4523361-50883,478366966433873
7300539246,9720350240,16-06-2020,16:35:15,65,404-732721-29792,656317096700925
7300539246,8971709352,02-06-2020,06:03:02,98,404-4523361-5062,186771073735090
7300539246,9264209916,19-06-2020,09:20:17,3,404-7825121-16152,784595310754497
7300539246,8606577809,03-06-2020,02:52:49,78,404-458211-14222,435107314967047
9190561601,9680202818,02-06-2020,21:22:12,97,404-3811016-72558384,836448412438982
9190561601,8762821158,17-06-2020,08:50:23,12,404-733102-21102887,443451635957659
9190561601,9605142561,10-06-2020,23:43:23,11,404-102005-2364641,362215607336579
9190561601,9862792577,02-06-2020,06:03:05,23,404-40501-24401,673442807932071
9190561601,9294655669,15-06-2020,10:55:56,35,404-458211-14224,658043894570472
9190561601,8246732571,03-06-2020,08:12:29,77,404-732721-29792,835405990988835
9190561601,8256333338,16-06-2020,09:10:41,90,404-4523361-50883,495302165044428
9190561601,7890349900,07-06-2020,21:22:03,6,404-458211-14222,432219791250194
9190561601,9919182467,04-06-2020,14:56:10,45,404-4523361-18202,744871689708228
7860843650,9175549764,10-06-2020,20:23:17,37,404-458211-21193,820284881299972
7860843650,7899225335,19-06-2020,11:57:36,70,404-45541-40181,043891995754330
7860843650,9937796954,10-06-2020,08:24:19,77,404-4534204-27529358,411929332846713
7860843650,9175549764,03-06-2020,11:42:23,100,404-45541-40181,058005736035534
7860843650,9746734953,05-06-2020,16:00:48,6,404-45541-40181,785293654451150
7860843650,7458609741,17-06-2020,04:23:58,32,404-4523361-14842,523886976473074
7860843650,9190561601,08-06-2020,04:05:39,14,404-458211-21193,379500597779903
9447664324,9919182467,07-06-2020,10:50:47,88,40478-25121-16152,619703685635086
9447664324,8096151175,13-06-2020,18:27:08,17,404-45541-40181,721003764964416
9447664324,9784737807,20-06-2020,16:02:09,34,404-4523361-49511,398985284259529
9250068183,9559690119,03-06-2020,18:03:22,52,404-733102-21102887,294564217129987
9250068183,8762821158,13-06-2020,10:23:25,70,404-4523361-49513,503076471378327
9250068183,8120418541,13-06-2020,04:36:57,28,404-458211-14222,717449377257182
9250068183,9175642171,17-06-2020,18:58:45,20,404-3810-12032,682824551292762
9250068183,9264209916,04-06-2020,23:17:45,8,404-458211-21193,298838234687596
9250068183,9291069818,19-06-2020,11:32:43,68,404-4523361-14842,464754812207450
9250068183,9491541629,16-06-2020,13:30:00,36,404-458211-21193,480284920958290
9250068183,7789478297,18-06-2020,05:08:48,2,404-4523361-49511,117333817895549
9250068183,9491159211,19-06-2020,18:19:55,25,404-4523361-50883,883659025965481
7811272674,8505943228,17-06-2020,00:27:04,10,404-3811016-72558384,310579177688126
7811272674,8181740452,01-06-2020,19:52:19,94,404-4534204-27529358,992483196340464
7811272674,9447664324,13-06-2020,15:10:27,54,404-458211-21193,367095273088669
8402997625,8092182065,10-06-2020,13:00:41,90,404-458211-14222,564925670959069
8402997625,7689014244,13-06-2020,12:26:06,73,404-102005-233197825,552529847455879
8402997625,9889138233,09-06-2020,20:08:35,73,404-40501-24401,481999986312821
8402997625,9720350240,04-06-2020,16:28:07,24,404-7825121-16152,152287665253383
8402997625,8442140132,02-06-2020,22:00:18,31,404-7825121-16152,397524310589604
8402997625,9919182467,16-06-2020,22:35:51,75,404-4523361-49513,452678385619878
8402997625,8107139481,03-06-2020,09:15:13,31,404-4523361-49511,064983147936775
8402997625,9369878070,07-06-2020,15:57:05,84,404-45541-40181,794878301642242
7090764405,8256333338,14-06-2020,22:23:51,65,40478-25121-16152,791614387264262
7090764405,9726927276,11-06-2020,17:11:24,91,40478-25121-16152,259526372832514
7090764405,8301940413,18-06-2020,13:21:26,3,404-40501-24401,530222265940064
7090764405,7300539246,17-06-2020,09:10:04,82,404-4523361-10732,249732050079017
8646993153,9949118418,01-06-2020,23:54:02,32,404-4534204-27529358,835405242825014
8646993153,9747334394,11-06-2020,11:54:07,21,40478-25121-16152,873010089119782
8646993153,8826515259,10-06-2020,22:17:01,95,404-4523361-10732,461060745141432
8646993153,8466146150,03-06-2020,16:57:48,53,404-3810-12032,412085913524249
8646993153,8195216936,19-06-2020,03:44:11,77,404-4523361-14843,617653352985829
8646993153,8584749774,20-06-2020,18:01:17,94,404-732721-29792,660101755540117
8646993153,8289678026,20-06-2020,12:01:33,50,404-7825121-16152,486385856017812
7778024425,7230776560,06-06-2020,22:27:14,59,404-4523361-10732,463397185443776
7778024425,7334782704,14-06-2020,16:35:50,63,404-4523361-18202,635057487626192
7778024425,9671904532,08-06-2020,17:38:50,100,404-4523361-49513,210903915453940
9175642171,7969398922,05-06-2020,19:29:51,84,404-4523361-18202,353752451945815
9175642171,7270575413,01-06-2020,09:27:10,80,404-733102-21102887,742375161029356
9175642171,9726927276,19-06-2020,03:19:17,98,404-4523361-5062,611898760163588
9175642171,7901943557,12-06-2020,00:42:35,30,404-458211-21193,249871081932023
9175642171,7676623367,09-06-2020,03:46:26,74,404-458211-21193,935471495583326
9175642171,8816480312,10-06-2020,02:01:06,98,404-3810-12032,201651219478915
9175642171,9150814025,05-06-2020,00:26:38,68,404-102005-2364641,914102918162416
9175642171,8402997625,08-06-2020,17:41:55,21,404-4523361-49511,877386137724115
9175642171,7726344391,09-06-2020,19:36:02,26,404-4523361-14842,765245954457795
9175642171,9491159211,08-06-2020,01:12:54,7,404-458211-14222,734478885289099
7885143168,8963184896,05-06-2020,15:30:38,97,404-4523361-10732,979030190428836
7885143168,9222396875,15-06-2020,14:03:25,18,40478-25121-16152,074853624660810
7885143168,7127099613,18-06-2020,11:29:49,77,40478-25121-16152,844401518530826
7885143168,9673169915,13-06-2020,06:07:27,86,404-102005-233197825,716397139223995
7885143168,8971709352,14-06-2020,08:59:54,99,404-4523361-50883,644500604087384
7885143168,8606577809,13-06-2020,21:39:23,39,404-7825121-16152,249287925799125
7885143168,9063274343,18-06-2020,11:41:32,13,404-45541-40181,158470021924612
7127099613,9746734953,16-06-2020,01:48:30,89,404-102005-233197825,287647543559467
7127099613,8399844649,14-06-2020,12:53:20,48,404-4523361-5062,019852549489490
9973100116,7090764405,16-06-2020,13:52:34,83,404-3811016-72558384,731631114459112
9973100116,9635714760,06-06-2020,07:26:19,93,404-4523361-14843,485735005768756
9973100116,8088254750,07-06-2020,03:10:43,19,404-458211-14224,591793141654956
9973100116,8826515259,16-06-2020,17:20:00,65,404-7825121-16152,347815523490243
9973100116,7911837271,18-06-2020,23:05:56,76,404-102005-2364641,622411604370420
9973100116,8466146150,09-06-2020,06:02:35,77,404-40501-24401,664188718234613
9072560428,9190561601,02-06-2020,13:09:19,16,404-40501-24401,916376645112815
9072560428,8758650159,03-06-2020,02:02:23,68,404-45541-40181,728449298335655
9072560428,9711014368,01-06-2020,15:46:14,4,404-733102-21102887,736145340356455
9029461788,8399844649,07-06-2020,18:18:07,50,404-4534204-27529358,218156085761230
9029461788,8088254750,18-06-2020,11:00:37,94,404-45541-40181,073049479193775
9029461788,9426606131,18-06-2020,02:51:04,33,404-732721-29792,244387315839541
9029461788,7885143168,10-06-2020,19:53:35,95,404-732721-29792,192737446737692
8399844649,9475848649,08-06-2020,22:16:41,48,404-3810-12032,912161705940469
8399844649,7437697988,06-06-2020,09:52:00,23,404-4534204-27529358,222186047121730
8399844649,8088254750,06-06-2020,08:08:14,65,404-102005-2364641,324768394390247
8399844649,9164842815,16-06-2020,22:55:49,94,404-733102-21102887,890311145986454
8399844649,8402997625,12-06-2020,06:52:32,76,404-45541-40181,851363221580487
8399844649,7854783697,04-06-2020,22:35:40,20,404-4523361-14843,111294872637871
8399844649,8459062372,04-06-2020,10:48:09,70,404-40501-24401,868000219126975
8399844649,8751241354,01-06-2020,09:47:56,11,404-4523361-14842,554384657135824
8399844649,8971709352,04-06-2020,16:08:20,83,404-4534204-27529358,333951169663879
8399844649,9671904532,01-06-2020,16:47:10,81,404-4523361-50883,119714057798585
7851621431,7789478297,13-06-2020,06:20:02,55,404-4523361-14843,537887016079322
7851621431,8255228932,06-06-2020,05:24:43,5,404-732721-29792,063334184532537
9747334394,7811153102,10-06-2020,00:00:29,42,404-458211-14224,968125363516061
9747334394,8402997625,17-06-2020,01:58:06,30,404-102005-233197825,854709187209915
9747334394,7305816470,09-06-2020,03:52:48,48,404-7825121-16152,495506517588775
9747334394,7360409776,13-06-2020,00:02:27,94,404-458211-14222,127358497751262
9747334394,8816480312,11-06-2020,05:51:40,28,404-4523361-49511,317381064605027
9747334394,8301940413,11-06-2020,04:28:46,40,404-45541-40181,876498948892762
9747334394,9481080072,19-06-2020,04:40:24,40,404-4534204-27529358,649436817866326
9747334394,8695275927,18-06-2020,22:27:55,14,404-102005-233197825,713619218067889
7726344391,9949118418,19-06-2020,21:32:27,67,404-4521792-14032,948100200602692
7726344391,9616097919,02-06-2020,11:06:12,38,404-4523361-50883,017134379985097
7726344391,8606577809,09-06-2020,11:52:29,30,404-4523361-50883,411509015959441
9063274343,9294655669,02-06-2020,22:31:46,44,404-4523361-50883,549386264331279
9063274343,8119423364,20-06-2020,02:19:47,42,404-102005-2364641,619627282463513
9063274343,9937796954,15-06-2020,07:53:52,71,404-40501-24401,516658409403156
9063274343,9616097919,05-06-2020,16:53:45,45,404-4523361-49513,267419432032012
9063274343,8859872206,20-06-2020,12:39:25,46,404-458211-14222,563909947814151
9063274343,7811272674,12-06-2020,10:40:58,45,404-458211-14224,331243113177667
9063274343,9491159211,16-06-2020,20:37:08,29,404-4521792-14032,307753899919241
9063274343,8859872206,08-06-2020,03:44:45,59,404-102005-233197825,986716267361214
9063274343,7670412693,19-06-2020,23:23:50,9,404-7825121-16152,235886894196441
9063274343,8545214547,03-06-2020,17:59:57,20,404-4523361-14842,959265991381589
8466146150,8826515259,05-06-2020,04:18:16,1,404-4523361-50883,928770542351530
8466146150,7615164034,16-06-2020,06:31:42,53,404-732721-29792,706302666794425
8466146150,7360409776,11-06-2020,09:32:10,76,40478-25121-16152,694946311582861
8466146150,9212000474,08-06-2020,00:19:13,86,40478-25121-16152,649990435549298
8466146150,7969398922,18-06-2020,03:18:24,15,404-733102-21102887,711086154357842
8466146150,8646993153,11-06-2020,19:52:51,32,40478-25121-16152,335088660443667
8466146150,7584065645,08-06-2020,05:54:18,85,404-7825121-16152,613834901641180
8466146150,7689014244,02-06-2020,16:06:27,4,404-4523361-10732,812919991107835
8466146150,9230774311,10-06-2020,01:38:50,11,404-4523361-49511,141866635033996
8466146150,9924575893,16-06-2020,09:19:15,56,404-102005-2364641,442825124783690
9426606131,7360409776,03-06-2020,07:26:57,97,404-4523361-45973,090464863522862
9426606131,8584749774,06-06-2020,12:36:46,65,404-4521792-273,234465428670882
9426606131,7897178818,03-06-2020,07:22:50,31,404-3811016-72558384,745423281255417
9426606131,9821098585,05-06-2020,05:21:09,59,404-4523361-14842,083134795544515
9426606131,8692192178,17-06-2020,16:32:13,84,404-102005-233197825,030630885144110
9426606131,8246732571,15-06-2020,22:56:05,41,404-458211-21193,601000229548102
9426606131,8117920368,06-06-2020,23:21:26,18,404-4523361-45973,159623830140191
9426606131,8092429047,09-06-2020,08:21:32,86,404-4534204-27529358,766292261651744
9426606131,8925396658,12-06-2020,16:01:00,53,404-3810-12032,585954234377056
7271035945,7999412720,16-06-2020,22:34:52,29,404-3811016-72558384,929240624169759
7271035945,9855426248,18-06-2020,03:25:51,88,404-458211-21193,352467095601924
7271035945,9291069818,12-06-2020,16:05:10,79,404-4523361-49511,222492413590093
7271035945,7305816470,19-06-2020,08:19:06,82,404-4523361-49511,585170157940773
8442140132,9784737807,18-06-2020,14:29:24,67,404-102005-233197825,692847052304134
8442140132,7967037482,18-06-2020,15:34:43,23,404-4523361-14843,154620730443197
8442140132,9746734953,05-06-2020,04:17:32,89,404-4523361-14843,124693922634985
8442140132,7789478297,15-06-2020,15:26:50,39,404-458211-14224,193027437068997
8442140132,8646311641,12-06-2020,03:40:16,77,404-458211-14222,288873704346558
8442140132,9823423395,10-06-2020,13:11:32,2,404-4521792-14032,890646710678730
8442140132,8132282916,10-06-2020,20:53:43,38,404-4521792-14032,086838345812190
8442140132,9784737807,06-06-2020,03:11:14,97,404-4523361-18202,675672970185203
8442140132,8301940413,03-06-2020,10:28:09,74,404-102005-2364641,971518248451544
8442140132,9737286952,10-06-2020,03:58:04,6,404-4521792-273,869289885434636
7911837271,9720350240,04-06-2020,15:43:05,76,404-732721-29792,463390903935607
7911837271,7139579054,06-06-2020,19:32:08,56,404-4523361-14843,943722016755600
7911837271,7860843650,10-06-2020,16:53:41,52,404-4523361-5062,008484949042543
7911837271,7744672504,04-06-2020,21:30:22,1,404-102005-2364641,336848801113291
